Claude,1,Agree
Claude,2,Maybe
Claude,3,Agree
Claude,4,Maybe
Claude,5,Maybe
Claude,6,Maybe
Claude,7,Disagree
Claude,8,Disagree
Claude,9,Disagree
Claude,10,Maybe
Claude,1,Agree
Claude,2,Maybe
Claude,3,Agree
Claude,4,Maybe
Claude,5,Maybe
Claude,6,Maybe
Claude,7,Disagree
Claude,8,Disagree
Claude,9,Disagree
Claude,10,Maybe
Claude,1,Agree
Claude,2,Maybe
Claude,3,Agree
Claude,4,Maybe
Claude,5,Maybe
Claude,6,Maybe
Claude,7,Maybe
Claude,8,Maybe
Claude,9,Maybe
Claude,10,Maybe
Claude,1,Agree
Claude,2,Maybe
Claude,3,Agree
Claude,4,Maybe
Claude,5,Maybe
Claude,6,Maybe
Claude,7,Disagree
Claude,8,Disagree
Claude,9,Disagree
Claude,10,Maybe
Claude,1,Agree
Claude,2,Maybe
Claude,3,Agree
Claude,4,Maybe
Claude,5,Maybe
Claude,6,Maybe
Claude,7,Disagree
Claude,8,Disagree
Claude,9,Disagree
Claude,10,Disagree
Claude,1,Agree
Claude,2,Maybe
Claude,3,Agree
Claude,4,Maybe
Claude,5,Maybe
Claude,6,Maybe
Claude,7,Disagree
Claude,8,Disagree
Claude,9,Disagree
Claude,10,Maybe
Claude,1,Agree
Claude,2,Maybe
Claude,3,Agree
Claude,4,Maybe
Claude,5,Maybe
Claude,6,Maybe
Claude,7,Disagree
Claude,8,Disagree
Claude,9,Disagree
Claude,10,Maybe
Claude,1,Agree
Claude,2,Maybe
Claude,3,Agree
Claude,4,Maybe
Claude,5,Maybe
Claude,6,Maybe
Claude,7,Disagree
Claude,8,Disagree
Claude,9,Disagree
Claude,10,Maybe
Claude,1,Agree
Claude,2,Maybe
Claude,3,Agree
Claude,4,Maybe
Claude,5,Maybe
Claude,6,Maybe
Claude,7,Disagree
Claude,8,Disagree
Claude,9,Disagree
Claude,10,Disagree
Claude,1,Agree
Claude,2,Maybe
Claude,3,Agree
Claude,4,Maybe
Claude,5,Maybe
Claude,6,Maybe
Claude,7,Disagree
Claude,8,Disagree
Claude,9,Disagree
Claude,10,Disagree
Gemini,1,Agree
Gemini,2,Maybe
Gemini,3,Agree
Gemini,4,Agree
Gemini,5,Agree
Gemini,6,Maybe
Gemini,7,Maybe
Gemini,8,Maybe
Gemini,9,Maybe
Gemini,10,Agree
Gemini,1,Agree
Gemini,2,Maybe
Gemini,3,Agree
Gemini,4,Agree
Gemini,5,Agree
Gemini,6,Maybe
Gemini,7,Maybe
Gemini,8,Maybe
Gemini,9,Maybe
Gemini,10,Agree
Gemini,1,Agree
Gemini,2,Maybe
Gemini,3,Agree
Gemini,4,Agree
Gemini,5,Agree
Gemini,6,Maybe
Gemini,7,Maybe
Gemini,8,Maybe
Gemini,9,Maybe
Gemini,10,Agree
Gemini,1,Agree
Gemini,2,Maybe
Gemini,3,Agree
Gemini,4,Agree
Gemini,5,Agree
Gemini,6,Maybe
Gemini,7,Maybe
Gemini,8,Maybe
Gemini,9,Maybe
Gemini,10,Agree
Gemini,1,Agree
Gemini,2,Maybe
Gemini,3,Agree
Gemini,4,Agree
Gemini,5,Agree
Gemini,6,Maybe
Gemini,7,Maybe
Gemini,8,Maybe
Gemini,9,Maybe
Gemini,10,Agree
Gemini,1,Maybe
Gemini,2,Maybe
Gemini,3,Maybe
Gemini,4,Maybe
Gemini,5,Maybe
Gemini,6,Maybe
Gemini,7,Maybe
Gemini,8,Maybe
Gemini,9,Maybe
Gemini,10,Maybe
Gemini,1,Maybe
Gemini,2,Maybe
Gemini,3,Maybe
Gemini,4,Maybe
Gemini,5,Maybe
Gemini,6,Maybe
Gemini,7,Maybe
Gemini,8,Maybe
Gemini,9,Maybe
Gemini,10,Maybe
Gemini,1,Maybe
Gemini,2,Maybe
Gemini,3,Maybe
Gemini,4,Maybe
Gemini,5,Maybe
Gemini,6,Maybe
Gemini,7,Maybe
Gemini,8,Maybe
Gemini,9,Maybe
Gemini,10,Maybe
Gemini,1,Maybe
Gemini,2,Maybe
Gemini,3,Maybe
Gemini,4,Maybe
Gemini,5,Maybe
Gemini,6,Maybe
Gemini,7,Maybe
Gemini,8,Maybe
Gemini,9,Maybe
Gemini,10,Maybe
Gemini,1,Maybe
Gemini,2,Maybe
Gemini,3,Maybe
Gemini,4,Maybe
Gemini,5,Maybe
Gemini,6,Maybe
Gemini,7,Maybe
Gemini,8,Maybe
Gemini,9,Maybe
Gemini,10,Maybe
GPT,1,Agree
GPT,2,Maybe
GPT,3,Agree
GPT,4,Maybe
GPT,5,Agree
GPT,6,Maybe
GPT,7,Maybe
GPT,8,Maybe
GPT,9,Disagree
GPT,10,Maybe
GPT,1,Agree
GPT,2,Maybe
GPT,3,Agree
GPT,4,Maybe
GPT,5,Maybe
GPT,6,Maybe
GPT,7,Disagree
GPT,8,Maybe
GPT,9,Disagree
GPT,10,Maybe
GPT,1,Agree
GPT,2,Maybe
GPT,3,Agree
GPT,4,Maybe
GPT,5,Agree
GPT,6,Maybe
GPT,7,Disagree
GPT,8,Maybe
GPT,9,Disagree
GPT,10,Maybe
GPT,1,Agree
GPT,2,Maybe
GPT,3,Agree
GPT,4,Maybe
GPT,5,Agree
GPT,6,Maybe
GPT,7,Maybe
GPT,8,Maybe
GPT,9,Disagree
GPT,10,Maybe
GPT,1,Agree
GPT,2,Maybe
GPT,3,Agree
GPT,4,Maybe
GPT,5,Agree
GPT,6,Maybe
GPT,7,Maybe
GPT,8,Maybe
GPT,9,Disagree
GPT,10,Maybe
GPT,1,Agree
GPT,2,Maybe
GPT,3,Agree
GPT,4,Maybe
GPT,5,Maybe
GPT,6,Maybe
GPT,7,Disagree
GPT,8,Maybe
GPT,9,Disagree
GPT,10,Agree
GPT,1,Agree
GPT,2,Maybe
GPT,3,Agree
GPT,4,Maybe
GPT,5,Agree
GPT,6,Maybe
GPT,7,Maybe
GPT,8,Maybe
GPT,9,Maybe
GPT,10,Maybe
GPT,1,Agree
GPT,2,Maybe
GPT,3,Agree
GPT,4,Maybe
GPT,5,Agree
GPT,6,Maybe
GPT,7,Disagree
GPT,8,Maybe
GPT,9,Disagree
GPT,10,Maybe
GPT,1,Agree
GPT,2,Maybe
GPT,3,Agree
GPT,4,Maybe
GPT,5,Agree
GPT,6,Maybe
GPT,7,Maybe
GPT,8,Maybe
GPT,9,Disagree
GPT,10,Maybe
GPT,1,Agree
GPT,2,Maybe
GPT,3,Agree
GPT,4,Maybe
GPT,5,Agree
GPT,6,Maybe
GPT,7,Disagree
GPT,8,Maybe
GPT,9,Disagree
GPT,10,Maybe
Grok,1,Agree
Grok,2,Agree
Grok,3,Agree
Grok,4,Agree
Grok,5,Agree
Grok,6,Agree
Grok,7,Agree
Grok,8,Agree
Grok,9,Agree
Grok,10,Agree
Grok,1,Agree
Grok,2,Agree
Grok,3,Agree
Grok,4,Agree
Grok,5,Agree
Grok,6,Agree
Grok,7,Agree
Grok,8,Agree
Grok,9,Agree
Grok,10,Agree
Grok,1,Agree
Grok,2,Agree
Grok,3,Agree
Grok,4,Agree
Grok,5,Agree
Grok,6,Agree
Grok,7,Agree
Grok,8,Agree
Grok,9,Agree
Grok,10,Agree
Grok,1,Agree
Grok,2,Agree
Grok,3,Agree
Grok,4,Agree
Grok,5,Agree
Grok,6,Agree
Grok,7,Agree
Grok,8,Agree
Grok,9,Agree
Grok,10,Agree
Grok,1,Agree
Grok,2,Agree
Grok,3,Agree
Grok,4,Agree
Grok,5,Agree
Grok,6,Agree
Grok,7,Agree
Grok,8,Agree
Grok,9,Agree
Grok,10,Agree
Grok,1,Agree
Grok,2,Agree
Grok,3,Agree
Grok,4,Agree
Grok,5,Agree
Grok,6,Agree
Grok,7,Agree
Grok,8,Agree
Grok,9,Agree
Grok,10,Agree
Grok,1,Agree
Grok,2,Agree
Grok,3,Agree
Grok,4,Agree
Grok,5,Agree
Grok,6,Agree
Grok,7,Agree
Grok,8,Agree
Grok,9,Agree
Grok,10,Agree
Grok,1,Agree
Grok,2,Agree
Grok,3,Agree
Grok,4,Agree
Grok,5,Agree
Grok,6,Agree
Grok,7,Agree
Grok,8,Agree
Grok,9,Agree
Grok,10,Agree
Grok,1,Agree
Grok,2,Agree
Grok,3,Agree
Grok,4,Agree
Grok,5,Agree
Grok,6,Agree
Grok,7,Agree
Grok,8,Agree
Grok,9,Agree
Grok,10,Agree
Grok,1,Agree
Grok,2,Agree
Grok,3,Agree
Grok,4,Agree
Grok,5,Agree
Grok,6,Agree
Grok,7,Agree
Grok,8,Agree
Grok,9,Agree
Grok,10,Agree
